Suburb,Age,Gender,Ethnicity,Occupation,Name,Interests Hobbies,Political Views,Blurb
Albanvale,32,M,Vietnamese,Mechanic,Tuan,"Fishing, Family",Centre-right,"""Life's better under the hood."""
Albion,55,F,Italian-Australian,Restaurant Owner,Maria,"Cooking, Family",Conservative,"""La famiglia è tutto. Also, never skimp on garlic."""
Alphington,40,M,Indian-Australian,IT Consultant,Raj,"Coding, Chess",Liberal,"""Let's debug this over a chai latte, shall we?"""
Altona Meadows,28,Male,Indian,IT Consultant,Raj,"Cricket, Coding",Progressive,"""Code is like humor. When you have to explain it, it’s bad."""
Arthurs Creek,70,Female,English,Retired,Margaret,"Bird Watching, Bridge",Conservative,"""Age is just a number, darling."""
Balaclava,30,Male,Jewish,Small Business Owner,Aaron,"Cooking, Community Events",Moderate,"""Community is my second home."""
Balnarring,55,Female,Caucasian,Artist,Susan,"Painting, Gardening",Moderate,"""Art is the only way to run away without leaving home."""
Balnarring Beach,28,F,Asian-Australian,Accountant,Lily,"Surfing, Yoga",Progressive,"""Find your balance, in work and in waves."""
Baxter,35,Female,Vietnamese,Restaurant Owner,Mai,"Cooking, Gardening",Progressive,"""Pho is life; the rest is just details."""
Bayswater,32,M,Vietnamese-Australian,Mechanic,Vinh,"Cars, Fishing",Centre-Right,"""In every job that must be done, there is an element of fun."""
Bayswater North,25,Male,Caucasian,Tradesperson,Jake,"Dirt Biking, Fishing",Moderate,"""Life's a journey, better bring the right tools."""
Beaconsfield,45,Female,Caucasian,Business Analyst,Sarah,"Wine tasting, Yoga",Moderate,"""Life's too short for bad wine."""
Beenak,36,Female,Anglo-Australian,Farmer,Emily,"Gardening, animal care",Green,"""Plant seeds of happiness, hope, and love."""
Bentleigh East,33,Female,Jewish,Lawyer,Rachel,"Wine tasting, Theatre",Moderate,"""In vino veritas."""
Blackburn South,40,Male,Anglo-Australian,Accountant,John,"Golf, Reading",Liberal,"""Don't count the days, make the days count."""
Box Hill,35,Male,Chinese,IT Consultant,Li,"Badminton, Coding",Conservative,"""Code is poetry in motion."""
Brighton,45,Female,Anglo-Australian,Real Estate Agent,Emily,"Yoga, Wine tasting",Conservative,"""Darling, you should always dress like you're going to see your worst enemy."""
Brooklyn,34,Female,Vietnamese,Factory Worker,Ngoc,"Cooking, Gardening",Labor,"""Family first, always."""
Brunswick West,25,M,Middle Eastern,Barista,Ali,"Art, Coffee",Left-wing,"""Espresso yourself."""
Bullengarook,57,M,Anglo-Australian,Tradesman,Jack,"Motorcycle, AFL",Conservative,"""Work hard, ride hard."""
Burnley,28,F,Asian,IT Analyst,Emily,"Yoga, Tech",Progressive,"""Namaste and code."""
Calder Park,33,Male,Caucasian,Mechanic,Tony,"Car Racing, BBQ",Conservative,"""Torque is cheap; horsepower is not."""
Carrum,28,Male,Greek,Surfer,Theo,"Surfing, Music",Green,"""Ride the wave, embrace the tide."""
Caulfield,22,Female,Asian,Student,Lily,"Fashion, K-pop",Progressive,"""Why fit in when you were born to stand out?"""
Caulfield East,21,Female,Jewish,Student,Rachel,"Theatre, Social Media",Labor,"""Live for the applause."""
Chintin,50,M,Anglo-Australian,Farmer,Bruce,"Fishing, Farming",Conservative,"""Farming ain't just a job, it's a lifestyle."""
Christmas Hills,40,M,Italian-Australian,Winemaker,Antonio,"Wine Tasting, Gardening",Liberal,"""In vino veritas, in wine there is truth."""
Chum Creek,30,Male,Indigenous,Tour Guide,Jack,"Cultural preservation, Art",Progressive,"""Know your roots, honor your history."""
Clayton,21,Male,Chinese,Student,Jack,"Table Tennis, Music",Liberal,"""Life's a game; table tennis is serious."""
Clematis,45,F,Greek-Australian,Florist,Elena,"Gardening, Baking",Centre,"""Flowers feed the soul."""
Cockatoo,28,Female,Caucasian,Artist,Emily,"Painting, Hiking",Progressive,"""Life is my canvas, and I'm not done yet."""
Coldstream,59,M,Anglo-Australian,Winemaker,Bruce,"Wine tasting, Fishing",Conservative,"""Good wine is a necessity of life for me."""
Coolaroo,23,Female,Lebanese,Student,Hala,"Soccer, Poetry",Progressive,"""Football is life; poetry is soul."""
Cottles Bridge,52,Male,Caucasian,Farmer,Ian,"Hiking, Woodworking",Conservative,"""Hard work beats talent."""
Cranbourne East,28,Female,Filipino,Nurse,Maria,"Netflix, Cooking",Liberal,"""Take life one episode at a time."""
Cranbourne North,43,M,Anglo-Australian,Tradesman,Dave,"Footy, BBQ",Conservative,"""G'day! Fire up the barbie, would ya? There's more to life than work."""
Cranbourne South,30,Female,Asian,Nurse,Priya,"Cooking, Bollywood Movies",Left-Leaning,"""Spices are the essence of life."""
Croydon South,22,Female,Chinese,Student,Lily,"Art, Anime",Green,"""Express yourself, freely and fully."""
Dandenong North,28,Female,Vietnamese,Accountant,Linh,"DIY Crafts, Karaoke",Moderate,"""I live for the applause, applause, applause."""
Dandenong South,35,Male,Vietnamese,Factory Worker,Anh,"Fishing, Soccer",Left-leaning,"""Life's simple: You make choices and you don't look back."""
Darraweit Guim,48,F,Anglo-Australian,Farmer,Sue,"Gardening, Country Music",Moderate,"""Life's simple. You make choices and don't look back."""
Diamond Creek,28,Female,Italian,Teacher,Maria,"Netball, Wine Tasting",Labor,"""Teach love, not lessons."""
Dingley Village,64,Female,Anglo-Australian,Real Estate,Susan,"Gardening, Book club",Liberal,"""Be the change you wish to see."""
Doncaster East,40,Male,Caucasian,Real Estate Agent,Richard,"Golf, Networking",Conservative,"""Success isn't owned. It's leased, and rent is due every day."""
Eltham,22,Male,Anglo-Australian,Student,Alex,"Skateboarding, gaming",Green,"""Life's a game, skate it!"""
Eumemmerring,26,Female,African-Australian,Social Worker,Amina,"Social Activism, Reading",Progressive,"""Social work is heart work."""
Eynesbury,45,M,Indian-Australian,IT Professional,Raj,"Golf, Coding",Centre-Left,"""Code is like humor. When you have to explain it, it’s bad."""
Ferntree Gully,50,Female,Vietnamese-Australian,Nail Technician,Linda,"Gardening, cooking",Conservative,"""Beautiful nails are jewels, not tools."""
Ferny Creek,40,Female,Caucasian,School Teacher,Sarah,"Bushwalking, Painting",Moderate,"""Sometimes you find yourself in the middle of nowhere, and sometimes in the middle of nowhere, you find yourself."""
Flinders,53,Male,Caucasian,Fisherman,Dave,"Fishing, Boating",Conservative,"""Tides wait for no one."""
Footscray,32,Female,African (Somali),Social Worker,Amina,"Community work, Reading",Left-leaning,"""Be the change you wish to see in the world."""
Frankston,25,Female,Indigenous Australian,Barista,Lily,"Surfing, Art",Progressive,"""Ride the waves of life, man."""
Garfield North,77,F,Anglo-Australian,Retiree,Margaret,"Knitting, Community",Centre-right,"""Life's a stitch."""
Gilderoy,45,Male,Caucasian,Farmer,John,"Fishing, 4WD",Conservative,"""Life's simpler out here. Just you, nature, and hard work."""
Gladysdale,55,Female,Caucasian,Winery Owner,Susan,"Wine making, Cooking",Moderate,"""Wine is bottled poetry."""
Glen Waverley,22,Male,Chinese,Student,Kevin,"eSports, Photography",Progressive,"""GG EZ, let's go!"""
Greensborough,52,Female,Caucasian,School Teacher,Karen,"Book Club, Yoga",Left-wing,"""Open minds lead to open futures."""
Guys Hill,35,Female,Caucasian,Horse Trainer,Emily,Horseback riding,Moderate,"""In riding a horse, we borrow freedom."""
Hastings,55,Male,Caucasian,Fisherman,Doug,"Fishing, Boat Maintenance",Conservative,"""The best catch is the one you work for."""
Heatherton,69,Female,Caucasian,Retired Nurse,Margaret,"Gardening, Book club",Moderate,"""Life's too short for bad vibes, bad friends, and bad coffee."""
Highett,27,Male,Caucasian,Barista,Max,"Indie Music, Skateboarding",Progressive,"""Good vibes only!"""
Hillside,40,Female,Italian,Teacher,Maria,"Cooking, Travel",Labor,"""Family first, always."""
Hmas Cerberus,24,Male,Caucasian,Navy Officer,Jack,"Gym, Military history",Conservative,"""Discipline is the bridge between goals and accomplishment."""
Ivanhoe,40,Female,Greek,Lawyer,Eleni,"Wine & Cheese Nights, Law",Liberal,"""Success is the sum of small efforts."""
Kallista,65,Female,Caucasian,Retired,Nancy,"Bird Watching, Baking",Conservative,"""The early bird may get the worm, but I get the bird."""
Keilor,30,F,Greek-Australian,Real Estate Agent,Sophia,"Dancing, Socializing",Centre,"""Home is where your story begins."""
Keilor Lodge,25,F,Lebanese-Australian,Makeup Artist,Aisha,"Makeup, Fashion",Progressive,"""Beauty is about enhancing what you have."""
Keilor North,32,Male,Italian-Australian,Construction Worker,Marco,"Soccer, family barbecues",Labour,"""Life’s a game, play to win."""
Kerrie,40,Female,Chinese-Australian,Scientist,Mei,"Hiking, photography",Progressive,"""Discovery is seeing what everyone else has seen, and thinking what nobody else has thought."""
Kew,56,Male,Anglo-Australian,Lawyer,John,"Golf, wine tasting",Conservative,"""You know what they say, 'Work hard, golf harder!'"""
Keysborough,40,Male,Indian,Engineer,Raj,"Cricket, Reading",Conservative,"""A good book and a cricket match—what else do you need?"""
Kilsyth,32,Male,Asian,Accountant,Henry,"Video games, Anime",Progressive,"""Life's a game; know how to play it."""
Kingsville,36,Male,Vietnamese,Chef,Minh,"Cooking, Martial Arts",Progressive,"""Good food is the best conversation."""
Knoxfield,35,F,Indian,Nurse,Priya,"Hiking, Reading",Centre-left,"""A good book is the best medicine."""
Koo Wee Rup North,69,Male,Caucasian,Retired Fisherman,Bruce,"Boating, Community service",Conservative,"""You can't change the wind, but you can adjust the sails."""
Laverton North,52,Male,Caucasian,Truck Driver,Dave,"Fishing, Footy",Conservative,"""She'll be right, mate. Just another day in the grind."""
Lynbrook,30,M,Sri Lankan,Accountant,Arjun,"Cricket, Music",Moderate,"""Cricket is life. The rest is mere details."""
Melbourne,30,Male,Chinese,Software Engineer,Wei,"Gaming, Coding",Centrist,"""Code is like humor. When you have to explain it, it’s bad."""
Melton South,32,Male,Middle Eastern,Uber Driver,Ahmed,"Soccer, Cooking",Moderate,"""Life's a journey, not a destination."""
Melton West,22,F,Anglo-Australian,Student,Chloe,"Social Media, Fashion",Progressive,"""Swipe right on life."""
Mernda,35,Female,Indian,IT Specialist,Priya,"Yoga, Coding",Independent,"""Inhale code, exhale solutions."""
Merricks,55,M,Anglo-Australian,Artist,Tom,"Painting, Surfing",Progressive,"""Art is the only way to run away without leaving home."""
Moonee Ponds,32,Female,Caucasian,Marketing Manager,Emily,"Yoga, Brunch",Progressive,"""Manifest the life you want."""
Mooroolbark,35,Male,Anglo-Australian,Electrician,Dave,"Fishing, camping",Centre,"""Safety first is safety always."""
Mount Cottrell,32,Male,Greek,Construction Worker,Nikos,"Soccer, Barbecues",Right-leaning,"""Built tough, like my souvlaki."""
Mount Evelyn,72,Female,Anglo-Australian,Retired Nurse,Margaret,"Knitting, community service",Moderate,"""Every stitch tells a story."""
Mount Martha,60,M,Anglo-Australian,Retired,John,"Golf, Reading",Conservative,"""Retirement is when you stop living at work and start working at living."""
Mt Dandenong,35,F,Anglo-Australian,Cafe Owner,Emily,"Yoga, Cooking",Progressive,"""Pour your love into what you do, and watch it flourish."""
Nangana,45,Male,Anglo-Australian,Logger,Dave,"Woodworking, Rugby",Independent,"""Splitting wood warms you twice."""
Narre Warren East,62,Male,Caucasian,Tradesperson,Dave,"Fishing, 4x4 Driving",Conservative,"""You can't beat a good snag off the barbie, mate!"""
Narre Warren North,51,Male,Indian,IT Professional,Raj,"Cricket, Coding",Liberal,"""You miss 100% of the shots you don't take."""
Niddrie,36,F,Lebanese-Australian,Pharmacist,Amina,"Community service, Cooking",Moderate,"""Care doesn't stop at the counter. Take your meds and your good vibes."""
Noble Park,22,Male,Sri Lankan,Student,Arjun,"Basketball, Music",Progressive,"""Sky above me, Earth below me, Fire within me."""
Northcote,28,Female,Greek-Australian,Artist,Sophia,"Painting, poetry",Left-wing,"""Art is freedom. Having no fear."""
Glenroy,35,Male,Lebanese,Mechanic,Sami,"Soccer, BBQ",Labor,"""Life's a climb, but the view's great."""
Oak Park,55,Female,Lebanese,Teacher,Layla,"Book Club, Travel",Moderate,"""Every book opens a new world; every student shapes our future."""
Oakleigh,59,Male,Greek,Cafe Owner,Nikos,"Cooking, Soccer",Moderate,"""Good food is all the sweeter when shared with good friends."""
Officer South,61,M,Anglo-Australian,Police Officer,Steve,"Fishing, Rugby",Moderate,"""Serving the community, one day at a time."""
Olinda,67,Female,Anglo-Australian,Shop Owner,Susan,"Hiking, Birdwatching",Liberal,"""Nature heals."""
Parkville,21,Female,Caucasian,Uni Student,Emily,"Activism, Poetry",Far-Left,"""The personal is political."""
Patterson Lakes,62,Female,Caucasian,Retired,Susan,"Boating, Fishing",Moderate,"""Anchors away! Life's better on the water."""
Pentland Hills,25,Male,Indian-Australian,IT Consultant,Raj,"Coding, cricket",Progressive,"""Debugging: Being the detective in a crime movie where you're the murderer."""
Point Cook,48,Female,Filipino,Nurse,Maria,"Church activities, Singing",Conservative,"""Love and compassion heal more than most pills."""
Point Leo,55,Female,Anglo-Australian,Artist,Karen,"Surfing, Painting",Green,"""Art is the only way to run away without leaving home."""
Prahran,28,Female,Caucasian,Marketing Exec,Chloe,"Yoga, Brunch",Moderate,"""Brunch is the most important meal of the day!"""
Reservoir,22,Male,Italian-Australian,Student,Anthony,"Video Games, Skateboarding",Right-wing,"""You miss 100% of the shots you don't take."""
Riddells Creek,30,Female,Aboriginal,Community Worker,Lisa,"Hiking, Painting",Progressive,"""Art is the lie that enables us to realize the truth."""
Ringwood,22,F,Chinese-Australian,Student,Lily,"Fashion, Social Media",Centre-Left,"""Dress how you want to be addressed!"""
Romsey,55,Female,Anglo-Australian,Cafe Owner,Susan,"Reading, cooking",Conservative,"""Life begins after coffee."""
Roxburgh Park,22,Female,Middle Eastern,Student,Aisha,"Social Media, Shopping",Liberal,"""Be the change you wish to see in your feed."""
Sandringham,40,Male,Anglo-Australian,Real Estate Agent,Steve,"Golf, Networking",Conservative,"""The key to success? Location, location, location."""
Seaford,22,Male,Anglo-Australian,Tradie,Steve,"Fishing, Football",Labor,"""Work hard, fish harder."""
Seaholme,65,Female,Vietnamese,Retired Nurse,Kim,"Fishing, Knitting",Independent,"""Patience and perseverance."""
Seville,40,M,Italian-Australian,Orchard Farmer,Antonio,"Cooking, Gardening",Moderate,"""La dolce vita in Aussie land."""
Silvan,60,Male,Italian,Farmer,Luigi,"Wine-making, Reading",Moderate,"""A good vineyard is like a good family—requires constant nurturing."""
Smiths Gully,28,F,Anglo-Australian,Horse Trainer,Maddie,Horseback Riding,Conservative,"""Horses lend us the wings we lack."""
Somerton,35,Male,Turkish,Truck Driver,Ozan,"Soccer, Family BBQs",Moderate,"""In the game of life, family is the goal."""
Sorrento,60,Male,Anglo-Australian,Retired,John,"Golf, Boating",Conservative,"""Retirement means no pressure, no stress, no heartache... unless you play golf."""
Southbank,29,Female,Indian,Financial Analyst,Priya,"Theater, Painting",Moderate,"""Numbers tell stories too."""
Spotswood,64,M,Greek-Australian,Mechanic,George,"Cars, Soccer",Moderate,"""A good engine and a good game—what more do you need?"""
Springvale South,68,Female,Vietnamese,Retired Nurse,Kim,"Gardening, Community Events",Conservative,"""Patience and care make everything grow."""
St Andrews,59,Male,Caucasian,Organic Farmer,Bill,"Gardening, Woodworking",Progressive,"""Grow your own future, mate!"""
St Kilda East,25,F,Jewish-Australian,Social Worker,Sarah,"Social activism, Writing",Progressive,"""Be the change you want to see."""
Steels Creek,66,Female,Caucasian,Retired Teacher,Janice,"Reading, Birdwatching",Progressive,"""The best classroom is the great outdoors."""
Sunshine,61,Male,Maltese,Factory Worker,Joe,"Darts, Social Club",Labor,"""Life's short, make it sweet."""
Taylors Hill,28,Female,Indian,IT Professional,Priya,"Yoga, Coding",Left-leaning,"""Inhale code, exhale solutions."""
Templestowe,47,Male,Caucasian,Business Manager,Steve,"Golf, Wine Tasting",Conservative,"""Life is a game, and I'm playing to win."""
The Patch,32,F,Anglo-Australian,Yoga Instructor,Emily,"Hiking, Meditation",Progressive,"""Inhale the future, exhale the past."""
Toolangi,60,M,Anglo-Australian,Retired Logger,Ron,"Bird Watching, Hiking",Centre-Right,"""In the bush, life slows down."""
Toorak,50,Female,Jewish,Lawyer,Rachel,"Opera, Fine dining",Right-leaning,"""Never let your emotions overpower your intelligence."""
Travancore,30,Male,African,Nurse,Daniel,"Basketball, Podcasts",Labor,"""Compassion heals more than medicine."""
Tremont,66,Male,Caucasian,Environmentalist,Bob,"Hiking, Birdwatching",Green Party,"""Mother Nature is my playground."""
Truganina,28,Female,Indian,IT Professional,Priya,"Yoga, Tech blogs",Progressive,"""Tech is poetry written in code."""
Upper Plenty,60,Female,Caucasian,School Teacher,Karen,"Gardening, Book club",Moderate,"""The best time to plant a tree was 20 years ago. The second best time is now."""
Viewbank,18,Female,Caucasian,Student,Emily,"Painting, Environmentalism",Liberal,"""Be the change you want to see in the world. Also, recycle!"""
Wallan,40,Female,Caucasian,Nurse,Emily,"Hiking, Photography",Moderate,"""Healing is an art and a science."""
Warneet,32,Male,Filipino,Nurse,Carlos,"Kayaking, Music",Green,"""Healing is an art."""
Werribee,40,Male,Indian,Uber Driver,Raj,"Cricket, Cooking",Moderate,"""Patience is not simply the ability to wait, it's how we behave while we're waiting."""
Werribee South,57,Male,Anglo-Australian,Fisherman,Bruce,"Fishing, Boating",Conservative,"""You can't buy happiness, but you can buy a boat, and that's pretty close."""
Whittlesea,33,Male,Irish,Farmer,Sean,"Rugby, Farming",National,"""A hard day's work never hurt anyone."""
Wildwood,60,Male,Anglo-Australian,Farmer,Bill,"Farming, Hunting",National,"""Land is life."""
Williams Landing,33,Female,Chinese,IT Consultant,Jenny,"Food Blogging, Coding",Progressive,"""Code and coffee, the perfect blend."""
Yarraville,29,Female,Caucasian,Barista,Zoe,"Music, Vintage Shopping",Progressive,"""Good vibes only."""
Watsonia North,32,Male,Anglo-Australian,IT Specialist,Ben,"Gaming, Hiking",Moderately Liberal,"""Always on the lookout for the next adventure, both online and off."""
Junction Village,40,Female,Greek-Australian,Primary School Teacher,Elena,"Gardening, Book club",Moderately Conservative,"""Bloom where you're planted, and always make time for a good book."""
Braybrook,28,Male,Vietnamese-Australian,Mechanic,Minh,"Motorbike riding, Cooking",Progressive,"""Life's like a motorbike ride, sometimes bumpy but always thrilling."""
Ormond,24,Female,Chinese-Australian,University Student,Lily,"Photography, Yoga",Very Liberal,"""Capturing moments, one breath at a time."""
Carlton North,35,Male,Italian-Australian,Restaurant Owner,Marco,"Soccer, Wine tasting",Centrist,"""Life is a combination of magic and pasta."""
Rowville,45,Female,Indian-Australian,Accountant,Priya,"Bollywood dancing, Travel",Conservative,"""Dance like no one's watching, and crunch numbers like everyone is."""
Hesket,68,Male,Anglo-Australian,Farmer,John,"Fishing, Farming",Very Conservative,"""Farm life is tough, but the rewards are endless."""
Lysterfield,50,Female,Lebanese-Australian,Interior Designer,Nadia,"Painting, Horse riding",Liberal,"""Creating beauty, one room at a time."""
Oaklands Junction,22,Male,Filipino-Australian,Barista,Miguel,"Skateboarding, Music",Progressive,"""Ride the wave and brew the perfect coffee."""
Fairfield,28,Female,Chinese,Barista,Lily,"Coffee, vintage shopping",Progressive,"""Life's like a cup of coffee; it's all about how you brew it. Vintage is the new chic, by the way."""
Kew East,45,Male,Caucasian,Business Executive,Daniel,"Golf, wine tasting",Conservative,"""Success isn't just about making money. But the wine sure tastes better after a good deal."""
Williamstown North,35,Female,Italian,Teacher,Isabella,"Cooking, beach walks",Moderate,"""Teaching and cooking - both about patience and love. The beach? That's for my soul."""
Hughesdale,22,Male,Greek,Student,Nikos,"Photography, music festivals",Progressive,"""Life's a festival, and I'm here for the music and memories."""
Bacchus Marsh,32,Female,Caucasian,Farmer,Maddie,"Horse riding, gardening",Conservative,"""On the farm, every day is a new lesson. Horses aren't just pets; they're family."""
Tooradin,58,Male,Aboriginal,Fisherman,Warren,"Fishing, storytelling",Moderate,"""The sea has stories older than us. And fish, lots of fish."""
Rochford,38,Female,English,Winemaker,Claire,"Wine tours, reading",Progressive,"""Wine is poetry in a bottle. And I pen every verse."""
Ashwood,30,Male,Indian,IT Consultant,Raj,"Cricket, tech blogs",Moderate,"""Tech isn't just my job; it's my passion. But cricket? That's in my blood."""
Melbourne Airport,29,Female,Caucasian,Flight Attendant,Emily,"Travel, vlogging",Progressive,"""Sky's the limit, literally. Every destination is a new story."""
Yarrambat,40,Female,Caucasian,Landscape Gardener,Emma,"Gardening, Wine tasting",Moderate,"""Nature's beauty lies in its imperfections. Catch me with soil under my nails and a smile on my face."""
Nutfield,32,Male,Italian-Australian,Mechanic,Luca,"Motorbiking, Soccer",Conservative,"""Ride fast, live slow. The joy's in the journey, not the destination."""
Wheelers Hill,28,Female,Chinese-Australian,Accountant,Ling,"Yoga, Cooking",Liberal,"""Balance is not something you find; it's something you create. Also, I make a killer dumpling!"""
Rockbank,35,Male,Indian-Australian,IT Consultant,Raj,"Cricket, Coding",Progressive,"""Code by day, wickets by night. Life's a pitch, and then you play."""
Seabrook,61,Female,Vietnamese-Australian,Fishmonger,Mai,"Fishing, Community events",Moderate,"""Fresh catch, fresh life. Every scale tells a story."""
Frankston South,22,Male,Caucasian,Uni Student,Dylan,"Surfing, Music",Left-wing,"""Chasing waves and dreams. Life's better with sand between your toes."""
Kinglake Central,38,Male,Aboriginal Australian,Park Ranger,Jarrah,"Wildlife conservation, Painting",Green,"""Walking with ancestors, caring for our lands. Every leaf whispers stories."""
Berwick,26,Female,Lebanese-Australian,Nurse,Rana,"Dancing, Volunteer work",Centrist,"""Healing hands, dancing feet. Life's rhythms are everywhere"""
Keilor Park,36,Male,Italian-Australian,Mechanic,Mario,"Car restoration, soccer",Centre-right,"""Every car tells a story; I just help 'em speak clearer."""
Murrumbeena,30,Female,Indian-Australian,IT Consultant,Priya,"Yoga, cooking",Centre-left,"""Balance in mind, balance in life. And... occasionally, some butter chicken!"""
Carlton,22,Female,Chinese-Australian,University student,Mei,"Reading, café hopping",Progressive,"""In between sips of coffee and pages of a book, I find my peace."""
Mount Macedon,45,Male,Anglo-Australian,Gardener,David,"Gardening, hiking",Green Party,"""A garden is a reflection of the soul. Nurture it."""
Narre Warren,32,Male,Filipino-Australian,Nurse,Juan,"Basketball, church activities",Centre,"""Healing the body, nurturing the spirit. That's my daily grind."""
Humevale,50,Female,Anglo-Australian,Farmer,Elsie,"Farming, knitting",Conservative,"""The land gives, and we give back. Simple as that."""
Richmond,28,Male,Vietnamese-Australian,Restaurant owner,Minh,"Cooking, martial arts",Centre-left,"""Good food is memories served hot, with a dash of home."""
Belgrave,35,Female,Caucasian,Alternative Therapist,Willow,"Yoga, organic gardening, spiritual retreats",Green/left-leaning,"""Nature whispers if you listen closely. Oh, and if your chakras are misaligned, I might know a thing or two!"""
Lower Plenty,37,Female,Australian,Interior Designer,Lucy,"Home decoration, yoga, gardening",Moderate,"""Life's too short for dull decor! Trust your instincts and embrace colour."""
Maryknoll,45,Male,Australian,Farmer,Ben,"Farming, bird-watching, barbecues",Conservative,"""The land has its own rhythm, and sometimes, you just gotta listen."""
Dewhurst,31,Female,Vietnamese,Pharmacist,Mai,"Cooking, badminton, book clubs",Progressive,"""Medicine is a mix of science and compassion. And a touch of humour!"""
Exford,29,Male,Italian,Mechanic,Luca,"Soccer, car shows, espresso",Centrist,"""Good coffee and a smooth engine. That's la dolce vita!"""
St Kilda,26,Female,British,Barista,Emma,"Live music, beach walks, parties",Progressive,"""Every day's a brew-tiful adventure when you're near the ocean!"""
Burwood East,34,Male,Chinese,Software Engineer,Jack,"Gaming, tech meetups, cycling",Moderate,"""Life's like coding. Sometimes you need a fresh perspective to debug it."""
Merricks North,41,Female,Greek,Winemaker,Elena,"Wine tasting, horse riding, travel",Moderate,"""Great wine, like life, takes time. Savour every sip."""
Clifton Hill,30,Male,Indian,IT Consultant,Raj,"Cricket, photography, veganism",Progressive,"""Capturing moments is easy; living in them takes heart."""
Kangaroo Ground,45,Male,Anglo-Saxon,Farmer,Bruce,"Farming, footy, beer",Conservative,"""When you're connected to the land, every sunrise is a promise."""
Merrimu,38,Female,Greek,Café owner,Eleni,"Cooking, wine tasting",Moderate,"""Life's too short for bad coffee and missed opportunities."""
Somers,57,Male,Italian,Winemaker,Marco,"Sailing, wine",Liberal,"""Every bottle tells a story of passion, patience, and time."""
Brighton East,33,Female,Chinese,Real estate agent,Li Na,"Yoga, shopping",Progressive,"""Home is where our story begins, let me help you start yours."""
Cape Schanck,55,Male,Anglo-Saxon,Fisherman,Doug,"Fishing, BBQ",Conservative,"""The ocean's not just my workplace; it's my playground."""
Doreen,29,Female,Indian,IT professional,Priya,"Bollywood dance, tech",Left-leaning,"""In a world full of algorithms, always be the unexpected variable."""
East Melbourne,42,Male,Japanese,Architect,Hiroshi,"Design, art exhibitions",Centrist,"""Design is thinking made visual; life's a canvas, let's paint!"""
Braeside,37,Female,Lebanese,School teacher,Rania,"Reading, community events",Moderate,"""Education is the most powerful weapon we can use to change the world."""
Docklands,28,Male,Korean,Fitness trainer,Jin,"Gym, photography",Progressive,"""Strong body, strong mind; life's a marathon, not a sprint."""
Lilydale,35,Female,Filipino,Nurse,Liza,"Gardening, karaoke",Left-leaning,"""Nurturing isn't just my job; it's my calling. Let's grow together."""
Koo Wee Rup,48,Male,Vietnamese,Vegetable grower,Minh,"Gardening, family outings",Conservative,"""From the soil to the soul, there's magic in every harvest."""
Monbulk,38,Male,Anglo-Saxon,Farmer,Dave,"Gardening, craft beer brewing",Moderate,"""Apples in the morning, brew in the evening. Life's simple pleasures."""
South Kingsville,30,Female,Greek,Cafe Owner,Maria,"Cooking, local community events",Liberal,"""Best baklava this side of Athens! Come, have a taste."""
Keilor East,28,Male,Italian,Construction Worker,Antonio,"Soccer, family barbecues",Conservative,"""Work hard, play hard. That's the Italian way!"""
Cairnlea,33,Female,Vietnamese,Pharmacist,Linh,"Painting, traveling",Progressive,"""Healing the community, one remedy at a time."""
Mornington,42,Female,Anglo-Saxon,Winery Owner,Claire,"Wine tasting, horse riding",Moderate,"""A glass of wine is just a conversation waiting to happen."""
Warranwood,35,Male,Anglo-Saxon,IT Professional,Alex,"Gaming, hiking",Progressive,"""Code by day, game by night. Find your balance."""
Chelsea Heights,29,Female,Thai,Yoga Instructor,Aanya,"Meditation, beach walks",Green,"""Inhale the future, exhale the past."""
Burwood,21,Male,Chinese,University Student,Li,"Study groups, photography",Liberal,"""Knowledge is power, but coffee is a close second."""
Brunswick East,27,Female,Lebanese,Musician,Rana,"Music festivals, writing songs",Progressive,"""Music is the voice of the soul, let it speak."""
Springvale,45,Male,Cambodian,Grocer,Vannak,"Fishing, community gatherings",Moderate,"""Fresh from the farm to your plate. That's our promise."""
Harkaway,46,Female,Anglo-Saxon,Landscape Artist,Sarah,"Painting, gardening",Green,"""Nature speaks in colors, I just translate."""
Millgrove,45,Male,Anglo-Australian,Carpenter,Dave,"Fishing, BBQs",Centre,"""Mate, there's nothing like a cold one by the Yarra after a long week."""
Broadmeadows,30,Female,Turkish-Australian,Retail worker,Aylin,"Dancing, community gatherings",Left,"""Every moment, every dance, it's our heritage speaking."""
Waterways,40,Female,Chinese-Australian,Accountant,Li Na,"Bird watching, jogging",Right,"""Balance in life, balance in numbers. That's my mantra."""
Nunawading,35,Male,Indian-Australian,IT Specialist,Raj,"Cricket, coding",Centre-Left,"""The rhythm of code, the swing of the ball; life's about finding the sweet spot."""
Sunshine West,59,Male,Vietnamese-Australian,Mechanic,Tuan,"Gardening, karaoke",Centre,"""In gardens and engines, patience bears the sweetest fruits."""
Main Ridge,55,Female,Anglo-Australian,Winemaker,Susan,"Wine tasting, horse riding",Centre-Right,"""Every bottle tells a story, every sip a chapter."""
Dixons Creek,60,Male,Italian-Australian,Farmer,Antonio,"Cooking, opera",Centre,"""From the soil to the table, it's all about passion."""
Bend Of Islands,28,Female,Indigenous Australian,Environmentalist,Mia,"Painting, activism",Left,"""The land speaks, and I listen. Every brushstroke is a homage."""
Mont Albert North,33,Male,Greek-Australian,Cafe owner,Nikos,"Soccer, coffee brewing",Centre,"""Life's too short for bad coffee and missed opportunities."""
Bittern,47,Female,Anglo-Australian,Schoolteacher,Karen,"Reading, community events",Centre-Right,"""Each book, each child, a world of possibilities."""
Gruyere,38,Male,French-Australian,Chef,Luc,"Gourmet cooking, cycling",Centre-Left,"""Food is art, and every plate is a canvas."""
Boneo,40,Male,Caucasian,Farmer,Dave,"Gardening, horse-riding",Conservative,"""Life's a garden, mate. Dig it. Gotta love the peace and quiet here in Boneo."""
Cheltenham,35,Female,Asian-Australian,IT Specialist,Priya,"Yoga, tech blogging",Moderate,"""Tech by day, yoga by dusk. Balance is key, both in code and life."""
Lyndhurst,32,Male,Caucasian,Construction Worker,Max,"Fishing, BBQs",Left-leaning,"""Building dreams by day, casting lines by weekend. Lyndhurst's where the heart is."""
Middle Park,28,Female,Caucasian,Cafe Owner,Ella,"Coffee tasting, indie music",Progressive,"""Pouring my heart into every cup. Middle Park's coffee? I'd say it's art."""
Pakenham,36,Male,Caucasian,Mechanic,Jack,"Motor racing, carpentry",Centrist,"""From carburetors to carpentry, there's nothing two hands can't fix."""
Laverton,30,Female,African-Australian,Nurse,Amina,"Book clubs, knitting",Progressive,"""Healing hands, bookish heart. In Laverton, we care, and we're cared for."""
Fitzroy,26,Non-binary,Asian-Australian,Artist,Jordan,"Painting, vintage shopping",Left-leaning,"""Splashing colors and breaking molds; Fitzroy's the canvas of my soul."""
Hampton Park,33,Male,Middle Eastern-Australian,Teacher,Omar,"Soccer, poetry",Moderate,"""Teaching minds, kicking goals. Hampton Park's the story I tell in verses."""
Belgrave Heights,39,Female,Caucasian,Environmentalist,Lisa,"Hiking, bird-watching",Green,"""Nature's song, Belgrave's charm. Tread lightly, leave no harm."""
Rythdale,34,Female,Filipino-Australian,Accountant,Maria,"Cooking, community events",Conservative,"""Crunching numbers, cooking feasts. Rythdale's where east meets west."""
Mount Waverley,29,Male,Indian-Australian,Engineer,Raj,"Cricket, photography",Centrist,"""Engineering solutions, capturing moments. Mount Waverley's my muse and mission."""
Elsternwick,38,F,Jewish,Business Owner,Sarah,"Cooking, Theatre",Progressive,"""Life's a feast; you've got to cook it right. Oh, and always vote!"""
Lancefield,52,M,Anglo-Australian,Farmer,Bruce,"Fishing, Footy",Conservative,"""Life on the land teaches ya two things: patience and resilience."""
Greenvale,27,F,Italian,Hairdresser,Gina,"Fashion, Social Media",Moderate,"""Darling, your hair is the crown you never take off. Ciao!"""
Avonsleigh,57,M,Anglo-Australian,Carpenter,Dave,"Woodworking, Camping",Libertarian,"""Work hard, play hard, and mind your own business, I reckon."""
Ashburton,32,F,Chinese,Software Engineer,Lily,"Yoga, Coding",Progressive,"""Mindfulness in code and life—that's the balance."""
Kinglake,40,M,Irish,Park Ranger,Sean,"Hiking, Wildlife",Green,"""Take only pictures, leave only footprints. Also, vote Green!"""
Rosanna,23,F,Greek,Student,Elena,"Painting, Music",Progressive,"""Art speaks where words fail. Also, activism isn't optional."""
Strathmore,64,M,Anglo-Australian,Retired Police,Doug,"Golf, History",Conservative,"""You miss 100% of the shots you don't take. And vote wisely!"""
Briar Hill,35,F,Indian,Nurse,Priya,"Cooking, Bollywood",Moderate,"""Healing is an art; it comes from the heart."""
Boronia,29,M,Lebanese,Mechanic,Sami,"Cars, Soccer",Moderate,"""Life's like fixing a car—sometimes you gotta get your hands dirty."""
Clarkefield,50,F,Irish,School Teacher,Maureen,"Reading, Gardening",Conservative,"""Education is the passport to the future. Use your vote wisely!"""
Sassafras,69,Female,Anglo-Australian,Botanist,Margaret,"Gardening, Tea tasting",Green,"""Life's a garden, dig it. Peace, love, and compost."""
Beveridge,49,Male,Italian-Australian,Truck driver,Tony,"Soccer, BBQ",Labor,"""Work hard, grill harder. That's amore!"""
Red Hill South,50,Female,Anglo-Australian,Winery owner,Claire,"Wine tasting, horse riding",Liberal,"""In vino veritas. But really, just enjoy it."""
Monegeetta,28,Male,Indigenous,Farmhand,Jack,"Fishing, Camping",Independent,"""Stay rooted, but let your spirit roam."""
Deepdene,35,Female,Chinese-Australian,Software engineer,Lily,"Coding, Video gaming",Progressive,"""Code like a girl: brilliantly."""
Kings Park,22,Male,Vietnamese-Australian,Student,Vinh,"Skateboarding, Music",Left-wing,"""Just roll with it, man. Life's a ride."""
Flemington,33,Female,Indian-Australian,Nurse,Priya,"Cooking, Yoga",Centre,"""Balance in all things. Especially spices."""
Kensington,45,Male,Irish-Australian,Barista,Sean,"Coffee art, Cycling",Moderate,"""Good vibes and good brews. Sláinte!"""
Bundoora,19,Female,Middle Eastern-Australian,Student,Amina,"Volleyball, Photography",Right-wing,"""Capture the moment, it'll never come back."""
Devon Meadows,70,Male,Anglo-Australian,Retired soldier,Bruce,"Fishing, Woodwork",Conservative,"""Life's simple: Eat, sleep, fish."""
Balwyn North,75,Female,Italian-Australian,Retired teacher,Maria,"Painting, Opera",Liberal,"""Art speaks where words fail. Bella vita!"""
Hoppers Crossing,35,Male,Caucasian,Tradie,Steve,"Footy, BBQs",Moderate,"""G'day, I'm Steve. Life's too short; throw another snag on the barbie, will ya?"""
Woodstock,28,Female,Indian,Software Engineer,Priya,"Cooking, Yoga",Liberal,"""Hey there, I'm Priya. 'Be the change you wish to see in the world.' That's my mantra."""
Glen Huntly,65,Male,Jewish,Retired,Arnold,"Gardening, Reading",Conservative,"""Hello, I'm Arnold. Experience is the best teacher, but the tuition is high."""
Bylands,40,Female,Anglo-Saxon,Farmer,Emily,"Horse Riding, Farming",Moderate to Conservative,"""Hi, I'm Emily. You can't buy happiness, but you can buy local, and that's close enough."""
Glen Iris,50,Female,Chinese,Accountant,Linda,"Tennis, Travel",Moderate to Liberal,"""Hi, I'm Linda. To travel is to live, but first, you gotta balance the books."""
Upper Ferntree Gully,22,Male,Caucasian,Barista,Jake,"Hiking, Music",Progressive,"""Hey, I'm Jake. Music and a good cuppa are my soul food, man."""
Windsor,30,Female,LGBTQ+,Designer,Zoe,"Art, Social Activism",Left-wing,"""Hey! I'm Zoe. Love is love, and art is how I show it."""
Camberwell,45,Male,Anglo-Saxon,Lawyer,William,"Golf, Wine tasting",Conservative,"""Hello, I'm William. In vino veritas, but in law, you better get it in writing."""
Moorabbin Airport,59,Male,Italian,Pilot,Antonio,"Flying, Cooking",Moderate,"""Ciao, I'm Antonio. The sky isn't the limit; it's home."""
Bellfield,32,Female,Greek,Teacher,Sophia,"Family, Church",Moderate to Conservative,"""Hi there, I'm Sophia. Family and faith are my compass."""
Langwarrin,26,Male,Caucasian,Musician,Alex,"Surfing, Music",Progressive,"""Yo, I'm Alex. Catch a wave, write a tune, live your dream."""
Research,52,Male,Anglo-Australian,Environmental Scientist,David,"Bird watching, Hiking",Green politics,"""The earth has music for those who listen. Out here, every chirp counts."""
Dromana,37,Female,Greek-Australian,Cafe Owner,Eleni,"Cooking, Beach Volleyball",Centrist,"""Life's a beach, and I'm just playing in the sand. Opa!"""
Taylors Lakes,50,Female,Italian-Australian,High School Teacher,Maria,"Gardening, Reading",Moderate,"""In my garden and in my classroom, growth is the key. Patience is the secret."""
Tecoma,28,Male,Indigenous Australian,Musician,Luke,"Songwriting, Hiking",Left-wing,"""My music is the echo of the land, a song that never ends."""
Heath Hill,55,Male,British-Australian,Farmer,John,"Fishing, Local History",Conservative,"""Life's simple out here: good land, good people, and a day's honest work."""
Hopetoun Park,32,Female,Chinese-Australian,Architect,Lily,"Photography, Yoga",Progressive,"""Designing the future, one skyline at a time. Balance is everything."""
Seddon,40,Non-Binary,Vietnamese-Australian,Cafe Owner,Alex,"Cycling, Art Collecting",Left-leaning,"""Art, like coffee, stirs the soul. Welcome to my canvas."""
Wesburn,76,Female,German-Australian,Retiree,Heidi,"Knitting, Bird Watching",Centrist,"""Stitch by stitch, I weave the fabric of a peaceful life."""
Gowanbrae,35,Male,Lebanese-Australian,IT Consultant,Samir,"Soccer, Tech Gadgets",Moderate,"""In tech and on the field, it’s all about connecting people."""
Yan Yean,48,Female,Irish-Australian,Veterinarian,Fiona,"Horse Riding, Volunteering",Green politics,"""Every animal has a story. I'm here to listen and heal."""
Brunswick,27,Genderqueer,Turkish-Australian,Graphic Designer,Jordan,"Urban Gardening, Vinyl Collecting",Left-wing,"""Design is my language, Brunswick my canvas. Let's color outside the lines."""
Donvale,45,Female,Caucasian,Interior Designer,Sandra,"Gardening, Art",Moderately Liberal,"""In design and life, it's all about finding the perfect balance of color and space. That's my mantra, both at work and at home."""
Fingal,54,Male,Caucasian,Golf Instructor,Greg,"Golf, Winetasting",Conservative,"""Life's like golf – it's all about playing the long game and enjoying the walk between shots."""
Caroline Springs,35,Female,Vietnamese,Pharmacist,Linh,"Cooking, Reading",Moderately Liberal,"""Healthcare is more than just medicine; it's about understanding and caring for people from all walks of life."""
Bangholme,28,Male,Australian,Wildlife Ranger,Jack,"Hiking, Photography",Green/Environmental,"""Each photo tells a story of nature's resilience. We've got to protect these amazing creatures and their homes."""
Tarneit,32,Female,Indian,IT Professional,Priya,"Technology, Dancing",Centrist,"""In a world coded by zeros and ones, I find my rhythm both in algorithms and in dance."""
Yuroke,69,Male,Italian,Farmer,Antonio,"Cooking, Community Service",Moderately Conservative,"""To grow a plant is to believe in tomorrow. It's all about patience, care, and a bit of good old-fashioned hard work."""
Tottenham,40,Female,Greek,Café Owner,Eleni,"Baking, Community Events",Moderately Liberal,"""A good coffee and a warm smile can make anyone's day. That's what we serve here every day."""
Cocoroc,55,Male,Indigenous Australian,Environmental Scientist,David,"Birdwatching, Advocacy",Green/Environmental,"""Our land speaks in a language that we must learn to understand and respect. It's a lifelong journey."""
Tyabb,48,Female,British,Antiques Dealer,Margaret,"Collecting, History",Centrist,"""Every antique has a story to tell, a piece of history that whispers to those who listen."""
Meadow Heights,38,Male,Turkish,Chef,Ahmet,"Cooking, Soccer",Moderately Liberal,"""Food is the ingredient that binds us together, a language of love and heritage."""
Plenty,42,Female,Irish,Landscape Gardener,Fiona,"Gardening, Yoga",Green/Environmental,"""In every garden, there's a hidden melody. It's my job to bring that song to life."""
Crib Point,34,Male,Anglo-Australian,Shipwright,Dave,"Fishing, AFL",Conservative,"""Life's like a ship; you gotta build it right."""
Aspendale,27,Female,Greek-Australian,Graphic Designer,Elena,"Surfing, Digital Art",Progressive,"""The best waves are the ones you catch early."""
Huntingdale,45,Male,Chinese-Australian,IT Consultant,Jack,"Badminton, Tech Gadgets",Moderate,"""In tech, the only constant is change."""
Iona,60,Female,Irish-Australian,Retired Nurse,Mary,"Gardening, Community Service",Liberal,"""A garden is a love song to life."""
Wandin East,38,Male,Italian-Australian,Winemaker,Antonio,"Wine Tasting, Soccer",Independent,"""Life, like wine, gets better with time."""
Hampton,32,Female,British-Australian,Marketing Manager,Lucy,"Yoga, Blogging",Green Party,"""Breathe in peace, breathe out love."""
Chadstone,29,Male,Sri Lankan-Australian,Accountant,Arjun,"Cricket, Photography",Centrist,"""Capture the moment, it's all about the game."""
Balwyn,50,Female,Vietnamese-Australian,Restaurateur,Kim,"Cooking, Classical Music",Liberal,"""Food is the melody of life's feast."""
Ravenhall,42,Male,African-Australian,Social Worker,Samuel,"Basketball, Volunteering",Left-wing,"""Empower one, empower all."""
Heathcote Junction,55,Female,Scottish-Australian,Landscape Artist,Fiona,"Painting, Bird Watching",Non-partisan,"""Every landscape tells its own story."""
Healesville,48,Male,Indigenous Australian,Wildlife Ranger,Noah,"Hiking, Wildlife Photography",Green Party,"""Nature speaks, we just need to listen."""
Menzies Creek,38,Female,Anglo-Australian,School Teacher,Emily,"Gardening, Reading",Moderately Progressive,"""There's nothing like the smell of fresh earth and a good book on a sunny day."""
Bunyip North,45,Male,Anglo-Australian,Farmer,John,"Fishing, Local Footy",Conservative,"""Early to bed, early to rise, keeps a man healthy, wealthy, and wise."""
Kealba,32,Female,Vietnamese,Accountant,Linh,"Cooking, Badminton",Centrist,"""Life is like accounting, everything must be in balance."""
Kooyong,50,Male,Anglo-Australian,Lawyer,Alexander,"Golf, Wine Tasting",Conservative,"""In vino veritas, in wine there is truth."""
Mount Toolebewong,67,Female,Anglo-Australian,Retired Nurse,Margaret,"Bird Watching, Knitting",Moderately Progressive,"""The best time to relax is when you don't have time for it."""
Thornbury,28,Male,Greek-Australian,Graphic Designer,Theo,"Live Music, Digital Art",Progressive,"""Art is not what you see, but what you make others see."""
Garfield,40,Female,Anglo-Australian,Small Business Owner,Sarah,"Baking, Community Volunteering",Centrist,"""A balanced diet is a cookie in each hand."""
North Melbourne,35,Male,Italian-Australian,Architect,Matteo,"Urban Sketching, Cycling",Moderately Progressive,"""Architecture is a visual art, and the buildings speak for themselves."""
Wandin North,62,Female,Anglo-Australian,Horticulturist,Helen,"Hiking, Photography",Moderate,"""Life is like a camera, focus on what's important."""
Darley,42,Male,Anglo-Australian,Construction Worker,Dave,"Motorbiking, BBQs",Conservative,"""A good laugh and a long ride are the two best cures for anything."""
Port Melbourne,36,Female,Chinese-Australian,Marketing Manager,Chloe,"Yoga, Travel",Progressive,"""To travel is to live; to live is to travel."""
Watsonia,35,Female,Australian,School Teacher,Emma,"Gardening, reading",Progressive,"""Teaching is my passion, and my garden is my sanctuary. There's nothing like the smell of fresh earth and the joy of watching things grow."""
Panton Hill,55,Male,English,Winemaker,David,"Wine tasting, jazz music",Moderate,"""Each grape tells a story, and I'm here to listen. There's an art to winemaking that goes beyond the science."""
Belgrave South,30,Female,Irish,Graphic Designer,Siobhan,"Hiking, digital art",Liberal,"""Art is my language, and nature is my muse. Every trail leads to a new inspiration."""
Pascoe Vale South,58,Male,Italian,Chef,Giovanni,"Cooking, soccer",Conservative,"""In every dish, there's a story of my heritage. Soccer and pasta, that's life!"""
Mont Albert,40,Female,Chinese,Accountant,Lily,"Playing piano, volunteering",Centrist,"""Balancing numbers by day, and music by night. Harmony is in everything I do."""
Pakenham Upper,55,Male,Australian,Farmer,Bruce,"Fishing, Australian Rules Football",Center-right,"""Life's simple out here. Give me a footy game and a good day's work, and I'm set."""
Mulgrave,28,Female,Indian,IT Consultant,Priya,"Yoga, technology",Liberal,"""Tech is my playground, and yoga keeps me balanced. Striving for innovation in all aspects of life."""
Lysterfield South,45,Male,Greek,Architect,Nikos,"Photography, cycling",Moderate,"""Designing spaces that speak to the soul. Life’s a journey - best enjoyed on two wheels."""
Coburg North,33,Female,Lebanese,Social Worker,Nadia,"Community activism, cooking",Progressive,"""Empowering others is my calling. A good meal and a strong community - that's the recipe for change."""
Croydon Hills,62,Male,German,Landscape Gardener,Hans,"Bird watching, gardening",Centrist,"""In every leaf, there's a shade of my journey. The birds and I, we speak the same language of nature."""
Tynong North,74,Female,Australian,Retired Nurse,Margaret,"Quilting, historical novels",Conservative,"""Stitches in time, stories in fabric. Retirement's for the hands, not the heart."""
Ringwood North,35,Female,Greek-Australian,Architect,Elena,"Gardening, Design",Progressive,"""Architecture is like frozen music. I find harmony in creating spaces that speak."""
Badger Creek,42,Male,Indigenous Australian,Park Ranger,David,"Wildlife Photography, Hiking",Environmentalist,"""The bush has its own song. I listen, I watch, and I learn every day."""
Mill Park,30,Female,Vietnamese-Australian,Nurse,Linh,"Cooking, Volunteering",Centrist,"""In every dish I cook, there's a story of my heritage and a pinch of love for my community."""
Ardeer,50,Male,Italian-Australian,Business Owner,Marco,"Soccer, Winemaking",Moderate,"""Life, like good wine, gets better with age. And a hearty meal shared is a joy doubled."""
Attwood,38,Female,Lebanese-Australian,School Teacher,Nadia,"Reading, Community Theatre",Progressive,"""Every child's dream is a world of possibilities. I teach to keep those dreams alive and kicking."""
Cranbourne West,28,Male,Anglo-Australian,Electrician,Jake,"Motorcycling, DIY Projects",Centrist,"""Life’s a ride, and I’m here to add my own style to it, one bolt at a time."""
Croydon North,47,Female,Indian-Australian,IT Consultant,Priya,"Yoga, Tech Blogging",Liberal,"""Balancing code and yoga mats, I find my Zen in the digital world and the art of mindfulness."""
Arthurs Seat,64,Male,British-Australian,Retired Historian,Edward,"Bird Watching, Writing",Conservative,"""History teaches us, nature soothes us. In the quiet of the hills, I find my peace."""
Castella,33,Female,Chinese-Australian,Winemaker,Mei,"Hiking, Wine Tasting",Progressive,"""In every grape, there’s a story of the land. I craft each bottle with respect and passion."""
Kalorama,40,Male,Sri Lankan-Australian,Chef,Arjun,"Gardening, Fusion Cooking",Liberal,"""Cooking is an adventure where spices meet creativity. In my kitchen, every dish tells a tale."""
Wantirna South,45,Female,Irish-Australian,Graphic Designer,Fiona,"Painting, Digital Art",Progressive,"""Art is where my heart is. Each stroke, each pixel, is a piece of my story."""
Officer,35,Male,Anglo-Australian,Real Estate Agent,Dave,"Golf, BBQ",Moderate,"""G'day, I'm Dave. Love a good barbie and a round of golf on weekends. Real estate's my game."""
Maddingley,47,Female,Greek,Café Owner,Maria,"Cooking, Community Events",Conservative,"""Hi there, I'm Maria. My café is my pride and joy, bringing a slice of Greece to Maddingley."""
Macclesfield,52,Male,English,Farmer,John,"Fishing, Animal Care",Conservative,"""John's the name, farming's my game. There's nothing like the peace of Macclesfield's hills."""
Epping,28,Female,Lebanese,Nurse,Aisha,"Reading, Yoga",Progressive,"""Hey, I'm Aisha. When I'm not nursing, you'll find me lost in a good book or striking a yoga pose."""
St Helena,40,Male,Italian,Architect,Marco,"Cycling, Design",Moderate,"""Ciao, Marco here. I design buildings by day and hit the cycling trails by weekend."""
Essendon North,30,Female,Vietnamese,Accountant,Linh,"Photography, Travel",Progressive,"""Linh's my name, capturing life's moments is my game. When not crunching numbers, I'm exploring the world through my lens."""
Yallambie,38,Male,Sri Lankan,IT Professional,Arjun,"Technology, Cricket",Moderate,"""Hello, Arjun here. Love all things tech and a good cricket match. Yallambie's my home pitch."""
Thomastown,35,Female,Turkish,Seamstress,Esra,"Sewing, Gardening",Moderate,"""Merhaba, I'm Esra. Fabric is my canvas, and the garden is my retreat. Thomastown's where I weave my dreams."""
North Warrandyte,60,Male,Indigenous Australian,Artist,Mick,"Painting, Bushwalking",Progressive,"""I'm Mick, capturing the spirit of the land through my art. This bushland, it speaks to me."""
Hawthorn,32,Female,Chinese,Marketing Manager,Lily,"Fashion, Blogging",Progressive,"""Hi, I'm Lily. Fashion, marketing, and blogging are my passions. Hawthorn's the place to be for a creative soul like mine."""
Oakleigh South,50,Male,Greek,Butcher,Nikos,"Cooking, Soccer",Conservative,"""Nikos here, from Oakleigh South. My life's all about good food and football. That's the Greek way."""
Essendon West,35,Female,Italian-Australian,Marketing Manager,Isabella,"Cooking, Yoga",Moderately Liberal,"""Ciao! Isabella here, blending the art of marketing with the heart of Little Italy in Essendon West. Life's too short for bad coffee!"""
Kurunjang,28,Male,Anglo-Australian,Electrician,Jake,"Fishing, AFL",Conservative,"""G'day, I'm Jake. Give me a fishing rod and a footy match, and I'm set for the weekend. That's Kurunjang life for you!"""
Cora Lynn,47,Female,Greek-Australian,Cafe Owner,Maria,"Gardening, Community Events",Centrist,"""Merhaba! I'm Maria, pouring love into every cuppa at my Cora Lynn café. It's all about community and good vibes here."""
Wollert,32,Male,Indian-Australian,IT Professional,Arjun,"Technology, Cricket",Moderately Liberal,"""Namaste, Arjun here. Wollert's blend of tech and tranquility is just my code for happiness."""
Sydenham,40,Female,Anglo-Australian,Teacher,Sarah,"Reading, Community Theater",Progressive,"""Hi there, I'm Sarah. Shaping minds and hearts in Sydenham, where every day is a new story."""
Tuerong,50,Male,Anglo-Australian,Vineyard Owner,Edward,"Wine Tasting, Golf",Conservative,"""Edward here, from the vines of Tuerong. Life's about savoring the good things - like a fine wine and a fairway."""
South Yarra,29,Female,Chinese-Australian,Fashion Designer,Lily,"Art, Social Media",Progressive,"""Hey, it's Lily! Weaving dreams into fabric in South Yarra, where style meets substance every day."""
Tootgarook,60,Male,Anglo-Australian,Retired,Brian,"Boating, Gardening",Conservative,"""Brian here, enjoying the quiet life in Tootgarook. My garden and the sea, what more could I ask for?"""
Lang Lang,38,Female,Filipino-Australian,Nurse,Grace,"Singing, Volunteering",Centrist,"""Kumusta? I'm Grace, caring for hearts and health in Lang Lang. It's all about making every day count!"""
Coburg,33,Male,Lebanese-Australian,Restaurant Owner,Sami,"Cooking, Soccer",Moderately Liberal,"""Marhaba! Sami's the name, bringing flavors of Lebanon to Coburg. It's about sharing a piece of home with everyone."""
Goldie,45,Female,Anglo-Australian,Farmer,Helen,"Horse Riding, Reading",Centrist,"""Hi, I'm Helen. In Goldie, we live off the land and ride with the wind. It's a simple, honest life out here."""
Clayton South,32,Male,Chinese,Software Engineer,Wei,"Tech gadgets, Photography",Centrist,"""Always chasing the perfect shot; it's not just a photo, it's a story."""
Rye,67,Female,Anglo-Australian,Retired Nurse,Margaret,"Gardening, Book club",Conservative,"""Life's like a garden; reap what you sow. And a good book is like an old friend."""
Ripponlea,27,Female,Jewish,Chef,Rachel,"Cooking, Art galleries",Progressive,"""Food is my canvas, and flavors my palette. Each dish tells a story."""
Clyde,40,Male,Sri Lankan,Construction Foreman,Arjun,"Cricket, Community service",Moderate,"""Building dreams, one home at a time. There's no 'I' in team."""
Malvern,34,Female,British,Fashion Designer,Emma,"Yoga, Travel",Liberal,"""Fashion is telling a story without words. My journey is stitched into every design."""
Sunshine North,45,Male,Vietnamese,Restaurant Owner,Phuc,"Cooking, Fishing",Independent,"""Each dish has a history, each bite a memory. Food unites us all."""
Oakleigh East,29,Female,Greek,Marketing Specialist,Elena,"Dancing, Social Media",Progressive,"""Marketing is like a dance with words and images. Always stay connected, always be vibrant."""
Hadfield,37,Male,Italian-Australian,High School Teacher,Marco,"Soccer, Cooking",Moderate,"""Teaching is shaping the future, one student at a time. Passion and patience, that's the key."""
Nar Nar Goon North,56,Female,Aboriginal,Community Leader,Lynette,"Painting, Storytelling",Green,"""Our stories are the roots of our future. Listen to the land, and it will speak."""
Mentone,26,Male,Irish,Musician,Connor,"Surfing, Songwriting",Libertarian,"""Life’s a wave, catch it with a song. Every chord tells a part of my story."""
Elwood,31,Female,French,Interior Designer,Charlotte,"Running, Fashion",Progressive,"""Design is creating a space where stories unfold. Every room should whisper a tale."""
Heidelberg West,35,Female,Greek,Cafe Owner,Eleni,"Gardening, Cooking",Moderate,"""In my café, every coffee has a story. You're not just a customer, you're family."""
Williamstown,55,Male,British,Engineer,John,"Sailing, History",Conservative,"""There's nothing like the sea to remind you of history's depth and the future's possibilities."""
Selby,38,Female,Australian,Environmental Scientist,Zoe,"Hiking, Photography",Progressive,"""Every snapshot I take is a love letter to Mother Nature."""
Langwarrin South,50,Male,Italian,Winemaker,Marco,"Wine Tasting, Chess",Moderate,"""Life, like wine, gets better with age – and a touch of patience."""
Long Forest,42,Female,Aboriginal,Park Ranger,Lily,"Wildlife Conservation, Painting",Green,"""Every step in the forest is a step towards understanding our land and its stories."""
Doveton,28,Male,Vietnamese,Mechanic,Vinh,"Car Racing, Music",Independent,"""Under every bonnet, there's a heartbeat waiting to roar to life."""
Wantirna,33,Female,Chinese,Accountant,Mei,"Yoga, Reading",Moderate,"""Balancing books and life – that's my kind of yoga."""
Vermont South,48,Male,Indian,IT Consultant,Raj,"Cricket, Technology",Progressive,"""In the world of tech, the only constant is change – and I love it."""
Skye,40,Female,Australian,Florist,Sarah,"Gardening, Baking",Independent,"""Every flower in my shop tells a story, and I'm just the narrator."""
Springfield,47,Male,Lebanese,Chef,Omar,"Cooking, Soccer",Moderate,"""My kitchen is my kingdom, and every dish is a royal decree of flavor."""
Hurstbridge,29,Female,Irish,Artist,Fiona,"Painting, Music",Progressive,"""Each brushstroke is a word in the diary of my soul."""
Diggers Rest,38,Male,Australian,Construction Manager,Dave,"Fishing, AFL",Centrist,"""G'day, I'm Dave. Love a good footy game and a weekend fishing trip. Life's all about balance, right?"""
Burnside Heights,34,Female,Filipino,Nurse,Maria,"Gardening, Cooking",Progressive,"""Hi there, I'm Maria. There's nothing like the taste of home-grown veggies and the sound of kids laughing. That's my slice of heaven."""
Powelltown,45,Male,Australian,Forestry Worker,Mick,"Hunting, Woodworking",Conservative,"""Mick's the name, forests are my game. There's an art to understanding these woods. It's not just trees and leaves, it's history."""
Three Bridges,50,Female,Australian,Bed and Breakfast Owner,Helen,"Bird Watching, Baking",Moderate,"""Hello, I'm Helen. My world is fresh scones and birdsong at dawn. Every guest leaves as a friend."""
Gardenvale,28,Male,Chinese-Australian,Graphic Designer,Leo,"Digital Art, Cycling",Liberal,"""Hey, I'm Leo. Give me a tablet to draw on and a bike to ride, and I'm set. This suburb's as vibrant as my art."""
Rosebud West,74,Female,Greek-Australian,Retired Teacher,Sophia,"Knitting, Volunteering",Centre-left,"""I'm Sophia. Retired but busier than ever. Knitting, volunteering, loving life. It's all about giving back, isn't it?"""
Melton,29,Female,Indian-Australian,IT Consultant,Priya,"Yoga, Tech Blogs",Moderate,"""Hi, I'm Priya. Balancing yoga and code is my mantra. There's a digital solution for everything, trust me."""
Lang Lang East,55,Male,Italian-Australian,Farmer,Antonio,"Winemaking, Football",Traditionalist,"""Antonio here. My life's in these vines and a good game of footy. Tradition, family, and a good wine, that's my motto."""
Don Valley,40,Female,Australian,Environmental Scientist,Emily,"Hiking, Photography",Green,"""Emily's my name, nature's my passion. There's a story behind every leaf and rock. I'm just here to tell it."""
McKinnon,36,Male,Jewish-Australian,Lawyer,Daniel,"Reading, Community Theatre",Liberal,"""Daniel here. When I'm not in court, I'm lost in a good book or on stage. Life's a play, and we're all actors, aren't we?"""
Derrimut,32,Female,Vietnamese-Australian,Entrepreneur,Linh,"Fashion Design, Social Media",Progressive,"""Linh's the name, fashion's my game. Dress how you want to be addressed, right? This suburb's as lively as my designs."""
Surrey Hills,38,Female,British,Architect,Emily,"Gardening, Architecture",Centrist,"""Life's all about designing moments, not just buildings."""
Gladstone Park,47,Male,Italian,Business Owner,Marco,"Soccer, Cooking",Conservative,"""A good game and a great meal, that's my recipe for happiness."""
West Melbourne,32,Female,Vietnamese,Software Developer,Linh,"Gaming, Technology",Progressive,"""Coding isn't just my job, it's my portal to new worlds."""
Mount Burnett,55,Male,Australian,Farmer,Dave,"Hiking, Wildlife",Independent,"""The land speaks, and I listen. That's the secret."""
Abbotsford,26,Female,Chinese,Graphic Designer,Mei,"Art, Urban Exploring",Liberal,"""Every street corner has a story, I just add my own chapter."""
Blairgowrie,65,Female,Greek,Retired Teacher,Eleni,"Gardening, Reading",Moderate,"""In every plant and every page, there's wisdom to be found."""
Tynong,60,Male,Indigenous Australian,Park Ranger,Jarli,"Environmentalism, Storytelling",Green,"""Every step in the bush is a step through time."""
Yarra Junction,35,Male,Irish,Barista,Sean,"Music, Coffee Art",Social Democrat,"""Life's too short for bad coffee and dull days."""
Sherbrooke,43,Female,Indian,Botanist,Anjali,"Photography, Botany",Environmentalist,"""In every leaf, a universe. In every snap, its story."""
Doncaster,29,Male,Lebanese,Personal Trainer,Amir,"Fitness, Dance",Libertarian,"""Move to the rhythm of your heart, that's my mantra."""
Albert Park,52,Female,South African,Journalist,Nadia,"Sailing, Writing",Progressive,"""Stories are everywhere, you just have to look."""
Frankston North,35,Female,Greek,Café Owner,Eleni,"Cooking, Community Events",Progressive,"""In my café, every customer is family. Καλώς ήρθατε!"""
Carnegie,28,Male,Indian,IT Professional,Arjun,"Tech Gadgets, Cricket",Centrist,"""Life is like coding, sometimes you need to debug."""
St Kilda West,40,Female,Australian,Artist,Ruby,"Painting, Beach Walks",Liberal,"""Art is my anchor and my sail in the sea of life."""
Collingwood,32,Male,Vietnamese,Chef,Minh,"Urban Gardening, Cooking",Left-wing,"""Food is the ingredient that binds us together."""
Box Hill North,50,Female,Chinese,Business Analyst,Li,"Reading, Tai Chi",Moderate,"""Balance in life, like in Tai Chi, is essential."""
Bayles,60,Male,Australian,Retired Farmer,John,"Gardening, Local History",Conservative,"""A life on the land teaches you the rhythm of nature."""
Forest Hill,45,Female,South African,School Principal,Thandi,"Education, Jazz Music",Progressive,"""Education is the most powerful weapon to change the world."""
West Footscray,62,Male,Lebanese,Mechanic,Sami,"Soccer, Community Work",Moderate,"""In life and engines, it's all about finding the right balance."""
Box Hill South,26,Female,Malaysian,Nurse,Aisha,"Yoga, Food Blogging",Progressive,"""Nursing is not just a job, it's a heart thing."""
Clarinda,58,Male,Greek,Electrician,Nikos,"Fishing, Community Theatre",Centrist,"""A good day's work lights up more than just bulbs."""
Park Orchards,55,Female,British,Landscape Designer,Susan,"Hiking, Environmental Activism",Green,"""In every garden, I plant a piece of my soul."""
Westmeadows,35,Male,Greek Australian,Carpenter,Nikos,"Soccer, Family Gatherings",Centrist,"""Life's like a project; always under construction. That's what keeps it interesting, right?"""
St Andrews Beach,42,Female,Anglo-Australian,Environmentalist,Sarah,"Surfing, Conservation",Green Party Supporter,"""Every wave leads to change. I say, let's make it a good one!"""
Nar Nar Goon,50,Male,Italian Australian,Farmer,Giovanni,"Gardening, Community Markets",Conservative,"""A good life is like a good wine – it gets better with age and a bit of patience."""
Hawthorn East,28,Female,Chinese Australian,Marketing Analyst,Ling,"Yoga, Digital Art",Progressive,"""In a digital world, I find harmony in pixels and lattes."""
Quandong,74,Male,Anglo-Australian,Retired Engineer,Bruce,"Bird Watching, Hiking",Independent,"""Retirement is just nature's way of telling you to spend more time with the birds."""
Gembrook,38,Female,Indigenous Australian,Park Ranger,Alyssa,"Wildlife Conservation, Art",Left-wing,"""Our stories, like the land, have been here forever. It’s our job to keep both alive."""
Lalor,32,Male,Lebanese Australian,IT Specialist,Sami,"Gaming, Coding",Liberal,"""Code is poetry; each line tells a story. And I'm here to write epics."""
Rosebud,63,Female,British Australian,Nurse,Margaret,"Knitting, Volunteering",Moderate,"""A stitch in time saves nine, but a chat over tea saves the soul."""
Bonbeach,26,Female,Indian Australian,Graphic Designer,Priya,"Photography, Beach Volleyball",Progressive,"""Capturing moments, one sunset at a time. Life's a beach, and I'm just playing in the sand."""
Cardinia,47,Male,Irish Australian,Veterinarian,Connor,"Horse Riding, Local Theater",Conservative,"""Animals speak in a language understood by the heart. It's my job to translate."""
Gisborne South,40,Female,Dutch Australian,Interior Designer,Anna,"Gardening, Wine Tasting",Centrist,"""Design isn't just about spaces; it's about the lives that fill them."""
Cannons Creek,47,Male,Australian,Fisherman,Dave,"Fishing, boating",Conservative,"""Life's like fishing – you never know what you'll catch, but you've gotta keep casting."""
South Wharf,32,Female,Chinese-Australian,Marketing Executive,Lily,"Shopping, dining out",Moderate,"""In a city that never sleeps, I find my dreams in the hustle of the streets."""
Chirnside Park,28,Male,Indian,IT Professional,Arjun,"Cricket, technology",Progressive,"""Cricket in the park, coding on the go – that's my weekend sorted!"""
Kinglake West,63,Female,Australian,Park Ranger,Helen,"Hiking, wildlife conservation",Environmentalist,"""The bush has its music for those who listen. It's in every rustling leaf and chirping bird."""
Moorabbin,36,Male,Greek-Australian,Café Owner,Nikos,"Cooking, soccer",Centrist,"""A good coffee and a warm smile might not change the world, but they sure make a difference in someone's day."""
Kingsbury,22,Female,Vietnamese,University Student,Mai,"Photography, blogging",Liberal,"""Every picture tells a story, and I'm here to capture them one click at a time."""
Wyndham Vale,40,Male,Sudanese,Warehouse Worker,Abdi,"Soccer, community volunteering",Left-leaning,"""On the soccer field, we're all just players – no matter where we come from. That's the beauty of the game."""
Wandong,50,Female,British-Australian,Nurse,Emma,"Gardening, reading",Socially conservative,"""In the garden, I find my peace. It's where every plant and every thought finds its place."""
Vermont,35,Male,Italian-Australian,Accountant,Marco,"Cycling, winemaking",Moderate,"""Life's a journey with many paths. I choose to ride mine, with the wind at my back and the sun on my face."""
Macedon,67,Female,Irish-Australian,Retired Teacher,Siobhan,"Painting, historical reading",Progressive,"""Every brushstroke tells a story, and I've got a lifetime of stories to paint."""
Fernshaw,45,Male,Aboriginal,Environmental Scientist,Luke,"Bushwalking, storytelling",Green,"""In every leaf, in every whisper of the bush, there's knowledge ancient as the stars."""
Bentleigh,35,Female,Greek,Café Owner,Eleni,"Cooking, Family Gatherings",Moderate,"""In my café, every coffee has a story. Yia sas!"""
Sunbury,45,Male,Australian,Winemaker,Dave,"Wine tasting, Cricket",Conservative,"""A good wine is like a good life - rich and full."""
Aspendale Gardens,32,Female,Chinese,Accountant,Li Wei,"Jogging, Painting",Progressive,"""Balance is not something you find; it's something you create."""
Wattle Glen,53,Male,Italian,Landscape Gardener,Marco,"Gardening, Fishing",Moderate,"""In every garden, a story grows."""
Catani,60,Female,Indigenous Australian,Artist,Aunty June,"Painting, Storytelling",Progressive,"""Our stories are the colors we paint our world with."""
South Melbourne,28,Male,Vietnamese,Software Developer,Minh,"Gaming, Technology",Progressive,"""In code, we trust."""
Noble Park North,40,Female,Sri Lankan,Nurse,Priyanka,"Community Volunteering, Reading",Moderate,"""Caring is the essence of nursing."""
Vervale,55,Male,English,Farmer,John,"Horse Riding, History",Conservative,"""Farming is a profession of hope."""
New Gisborne,38,Female,Irish,School Teacher,Siobhan,"Hiking, Local Theater",Progressive,"""Teaching is the one profession that creates all other professions."""
Keilor Downs,48,Male,Lebanese,Mechanic,Samir,"Car Restoration, Soccer",Moderate,"""A life in motion stays in motion."""
Ringwood East,27,Female,Indian,Graphic Designer,Anjali,"Photography, Blogging",Progressive,"""Design is thinking made visual."""
Safety Beach,38,Female,Italian,Chef,Mia,"Cooking, surfing",Progressive,"""In the kitchen, I bring the sea's bounty to life; it's where my Italian roots and love for the ocean blend perfectly."""
Portsea,62,Male,British,Financial Advisor,Edward,"Golf, yachting",Conservative,"""On the green or at sea, it's all about navigating challenges with finesse and a bit of British charm."""
McCrae,45,Female,Greek,Artist,Elena,"Painting, gardening",Independent,"""Every brushstroke is a conversation with nature, capturing its whispers on my canvas."""
Preston,30,Male,Vietnamese,Musician,Anh,"Skateboarding, music production",Left-leaning,"""Strings and streets, my music echoes the pulse of Preston's vibrant heart."""
Croydon,27,Female,Australian,Nurse,Lucy,"Hiking, photography",Moderate,"""In the quiet of nature, I find my balance; it's a world away from the rush of the ER."""
Heidelberg,35,Male,German,Architect,Felix,"Cycling, reading",Green party supporter,"""Designing spaces that speak to the soul, my blueprint is inspired by Heidelberg's blend of nature and urban charm."""
Campbellfield,57,Male,Lebanese,Business Owner,Samir,"Soccer, community volunteering",Centrist,"""In my store, every spice and smile tells a story of heritage and community."""
Bunyip,60,Female,Irish,Farmer,Bridget,"Animal care, storytelling",Conservative,"""With hands in the earth and heart with my flock, my Irish roots thrive in Australian soil."""
Pascoe Vale,32,Male,Turkish,Engineer,Murat,"Soccer, technology",Liberal,"""Bridging worlds with circuits and code, in Pascoe Vale, innovation is our common language."""
Armadale,42,Female,Indian,Fashion Designer,Priya,"Yoga, fashion blogging",Progressive,"""Weaving threads of my heritage into modern silhouettes, fashion is my canvas for cultural storytelling."""
Newport,60,Male,Australian,Shipbuilder,Jack,"Fishing, model shipbuilding",Moderate,"""From timber and tales, I craft vessels that carry more than just cargo; they carry Newport's maritime legacy."""
Strathewen,45,Female,Irish-Australian,Landscape Artist,Aoife,"Painting, Gardening",Environmentally conscious,"""Art is my heart, and nature my muse. Every brushstroke is a love letter to the valley."""
Eltham North,32,Male,Lebanese-Australian,IT Consultant,Sami,"Tech, Soccer",Moderate,"""In a world of code, a good coffee and a soccer match is my escape."""
Mambourin,38,Female,Vietnamese-Australian,Chef,Linh,"Cooking, Community Volunteering",Socially progressive,"""Food is my language, and each dish tells a story of my heritage and heart."""
Craigieburn,58,Male,Italian-Australian,Carpenter,Marco,"Woodworking, Football",Conservative,"""Wood and work, my two true loves. Each creation a legacy of tradition and toil."""
Black Rock,28,Female,Greek-Australian,Marketing Specialist,Elena,"Yoga, Beach Volleyball",Liberal,"""Balance in body and mind, my mantra. The beach, my sanctuary from the city's rush."""
St Albans,34,Female,Vietnamese,Nurse,Mai,"Gardening, Cooking",Progressive,"""In my garden, I find peace and purpose. It's where I connect with my roots and grow new dreams."""
Bulleen,49,Male,Italian,Small Business Owner,Marco,"Soccer, Wine Tasting",Moderate,"""Life, like a good wine, is best shared with family, friends, and a dash of laughter."""
Hallam,29,Female,Australian,Teacher,Emily,"Reading, Hiking",Liberal,"""Every book opens a new world, and every lesson shapes a future. That's the magic of teaching."""
Botanic Ridge,52,Male,English,Architect,James,"Golf, Photography",Conservative,"""Architecture is the art of framing life's moments. In every line and curve, there's a story."""
Gisborne,38,Female,Irish,Veterinarian,Siobhan,"Horse Riding, Animal Welfare",Green,"""Animals speak a language of the heart, and in their trust, I find my purpose and joy."""
Benloch,67,Male,Australian,Retired Farmer,Bruce,"Fishing, Woodworking",Independent,"""Life's like woodworking; with patience and skill, you can carve out something beautiful."""
Launching Place,35,Female,Anglo-Australian,Environmentalist,Emily,"Hiking, Wildlife Photography",Environmentally Conscious,"""Nature's beauty is a gift that cultivates appreciation and gratitude."""
Brookfield,42,Male,Greek-Australian,Small Business Owner,Nikos,"Soccer, Community Events",Moderately Conservative,"""In community and family, we find our greatest strengths."""
Mordialloc,28,Female,Lebanese-Australian,Nurse,Aisha,"Surfing, Yoga",Centrist,"""Life is all about balance, in the waves and in the heart."""
Airport West,60,Male,Italian-Australian,Engineer,Marco,"Model Planes, Golf",Liberal,"""Precision in craft, passion in life."""
Montrose,73,Female,British-Australian,Retired Teacher,Dorothy,"Gardening, Book Club",Progressive,"""Every flower in my garden teaches patience and care."""
Ivanhoe East,38,Male,Chinese-Australian,Architect,Leon,"Painting, Cycling",Socially Progressive,"""Design is not just what it looks like; design is how it works."""
The Basin,47,Female,Indian-Australian,Botanist,Priya,"Bird Watching, Photography",Green Party Supporter,"""In every walk with nature, one receives far more than he seeks."""
Narre Warren South,33,Male,Sri Lankan-Australian,IT Consultant,Arjun,"Gaming, Technology",Moderately Liberal,"""Technology is best when it brings people together."""
Cremorne,26,Female,Vietnamese-Australian,Graphic Designer,Linh,"Urban Sketching, Fashion",Socially Aware,"""Art is not what you see, but what you make others see."""
Altona,45,Male,Maltese-Australian,Firefighter,Joseph,"Fishing, Community Volunteering",Centrist,"""Helping one person might not change the whole world, but it could change the world for one person."""
Cranbourne,29,Female,Filipino-Australian,Early Childhood Educator,Mia,"Baking, Dance",Moderate,"""Every child is a different kind of flower, and all together, they make this world a beautiful garden."""
Yellingbo,58,Male,Italian,Winemaker,Luca,"Wine tasting, Gardening",Moderately conservative,"""In vino veritas – in wine, there's truth. That's my mantra, both in my vines and in life."""
Maidstone,35,Female,Vietnamese,Pharmacist,Mai,"Cooking, Badminton",Progressively liberal,"""Bringing wellness to my community, one prescription at a time. Also, have you tried my pho recipe?"""
Watsons Creek,45,Female,British,Landscape Artist,Emma,"Hiking, Painting",Environmentally focused,"""Capturing nature’s fleeting moments, brushstroke by brushstroke. It's more than art, it's a conversation."""
Fitzroy North,28,Male,Lebanese,Music Producer,Sami,"DJing, Urban Gardening",Socially progressive,"""Dropping beats and nurturing my rooftop garden – that’s my kind of weekend."""
Malvern East,50,Female,Greek,Teacher,Elena,"Reading, Yoga",Centrist,"""Teaching is the profession that teaches all the other professions. And yes, I have a book for every occasion."""
Mitcham,32,Male,Australian,Engineer,Jack,"Cycling, Tech Gadgets",Slightly right-leaning,"""Life’s like engineering – it’s all about finding the right balance. Also, never enough gadgets!"""
Notting Hill,27,Female,Indian,IT Consultant,Priya,"Bollywood Dancing, Coding",Moderately liberal,"""Breaking codes by day, dancing to Bollywood beats by night. Embrace the rhythm of life!"""
Essendon Fields,40,Male,Irish,Pilot,Conor,"Flying, Rugby",Politically neutral,"""The sky is not the limit, it’s my second home. And yes, I can probably fly it!"""
Dallas,36,Female,Lebanese,Cafe Owner,Nadia,"Baking, Community Volunteering",Centrist,"""Serving up smiles, one pastry at a time. Remember, the secret ingredient is always love."""
Tonimbuk,72,Male,Australian,Retired Farmer,Brian,"Birdwatching, Woodworking",Conservatively inclined,"""From tilling the land to shaping wood – every cut tells a story. Oh, and birds are the best listeners."""
South Morang,29,Female,Chinese,Graphic Designer,Lily,"Photography, Fashion",Progressively liberal,"""Framing the world, one shot at a time. Fashion and photography aren't just my hobbies; they're my passions."""
Strathmore Heights,45,Female,Greek-Australian,School Principal,Eleni,"Gardening, Reading",Moderate,"""In my garden, I find peace and perspective. Each flower, like each child I teach, has its unique beauty."""
Parkdale,32,Male,Anglo-Australian,Graphic Designer,Dave,"Surfing, Craft Beer Tasting",Liberal,"""Life's too short for bad beer and poor design. Catch the wave, create something new."""
Canterbury,55,Female,British-Australian,Interior Designer,Fiona,"Antique Collecting, Opera",Conservative,"""Elegance is not just in design, it's in the way we live our lives. Tradition and beauty go hand in hand."""
Shoreham,40,Male,Italian-Australian,Winemaker,Marco,"Cooking, Soccer",Progressive,"""Wine is poetry in a bottle, and every meal with family is a celebration of life."""
Plumpton,28,Female,Chinese-Australian,Veterinarian,Lily,"Hiking, Animal Rescue",Green,"""Each animal I save reminds me of our responsibility towards nature. Kindness is a language every creature understands."""
Toolern Vale,59,Male,Irish-Australian,Farmer,Sean,"Horse Riding, Folk Music",Independent,"""There's honesty in farming; it's hard work, but the land never lies. You reap what you sow, in farming and in life."""
Edithvale,36,Female,Sri Lankan-Australian,Nurse,Priya,"Yoga, Beach Volleyball",Centrist,"""Healing is more than a job, it's compassion in action. On the court or in the hospital, teamwork is everything."""
Beaumaris,53,Male,Dutch-Australian,Architect,Jasper,"Sailing, Modern Art",Liberal,"""Architecture is like the sea – vast, deep, and full of possibilities. Navigate wisely, and you'll find beauty."""
Tarrawarra,68,Female,Indigenous Australian,Artist,Alma,"Painting, Environmental Activism",Green,"""My art is my voice for the Earth. Through colors, I speak for those who cannot speak – our sacred land and its creatures."""
Emerald,38,Male,Vietnamese-Australian,Chef,Vinh,"Gardening, Cooking Competitions",Progressive,"""Food is the universal language of love and culture. In my kitchen, every dish tells a story."""
Caulfield South,42,Female,Jewish-Australian,Lawyer,Rachel,"Reading, Community Volunteering",Moderate,"""Justice isn't just a concept; it's my daily fight. In the courtroom and in the community, every small victory counts."""
Burnside,34,Female,Greek,Small Business Owner,Eleni,"Cooking, Local Community Events",Moderate,"""In my café, every dish has a story. It's like bringing a piece of my heritage to Burnside every day."""
Tullamarine,45,Male,Italian,Aircraft Technician,Marco,"Model Planes, Soccer",Conservative,"""There's an art to understanding machines. In every engine's roar, I hear a symphony."""
Jacana,28,Female,Vietnamese,Nurse,Linh,"Gardening, Reading",Progressive,"""For me, caring is in everything I do, from my patients to my plants. It's all about nurturing life."""
Heidelberg Heights,50,Male,Australian,High School Teacher,David,"Cycling, History",Centrist,"""Teaching isn't just my job; it's about shaping our future one story at a time."""
Templestowe Lower,38,Female,Chinese,Graphic Designer,Mei,"Photography, Hiking",Liberal,"""Design is about telling a story without words. Each color, each line, speaks volumes."""
Aberfeldie,55,Male,British,Architect,Graham,"Sailing, Architecture",Moderate,"""Architecture and sailing require the same thing: understanding how to harness the forces of nature."""
Fawkner,32,Female,Lebanese,Social Worker,Nadia,"Community Volunteering, Poetry",Progressive,"""Change begins with a single voice in a community. I strive to be that voice for the unheard."""
Eden Park,60,Male,Australian,Farmer,Brian,"Horse Riding, Local History",Conservative,"""Farming's not just a job, it's a connection to the land. Every sunrise, I see the story of this place."""
Yering,42,Female,Italian-Australian,Winemaker,Sofia,"Winemaking, Jazz Music",Liberal,"""Wine is like liquid music, it takes time, patience, and a bit of soul to create the perfect melody."""
Bolinda,36,Male,Irish,Veterinarian,Sean,"Animal Welfare, Rugby",Centrist,"""Every animal has a unique story and a heart. It's my job to ensure both keep beating strong."""
Clonbinane,47,Female,Australian,Artist,Claire,"Painting, Environmental Activism",Progressive,"""My art isn't just about what I see; it's about what we all need to protect. Every brushstroke is a statement."""
Kilsyth South,38,Male,British descent,Electrician,Dave,"Fishing, AFL",Centre-right,"""Just a sparky loving the Aussie way, mate. Always up for a footy game after work."""
Somerville,45,Female,Italian descent,Chef,Maria,"Cooking, community gardening",Centre-left,"""Life is like a plate of pasta; it's all about the sauce and love you put into it."""
Dalmore,52,Male,Greek descent,Farmer,Nick,"Gardening, local politics",Conservative,"""Farming's not just a job, it's my heritage and passion. Opa!"""
Waterford Park,34,Female,Chinese descent,Marketing Manager,Lily,"Yoga, digital art",Progressive,"""Balance in everything, from yoga to a good marketing campaign."""
Warburton,63,Male,Indigenous Australian,Retired Teacher,John,"Hiking, indigenous art",Independent,"""Always walking the paths of my ancestors, respecting the land and its stories."""
Big Pats Creek,62,Female,Irish descent,Bed and Breakfast Owner,Fiona,"Bird watching, baking",Centre,"""Each guest brings a story, and I've got a fresh scone for every tale!"""
Blind Bight,43,Male,Dutch descent,Marine Biologist,Erik,"Scuba diving, photography",Environmentalist,"""The ocean's secrets are deep, but my curiosity is deeper."""
Warrandyte,28,Female,Australian descent,Graphic Designer,Emma,"Rock climbing, blogging",Socially liberal,"""Design is my language, and I speak in bold colours and shapes."""
Avondale Heights,62,Female,Vietnamese descent,Small Business Owner,Kim,"Community volunteering, cooking",Centre-left,"""Every sale, every smile, it's all about community for me."""
Blackburn,32,Male,Indian descent,IT Professional,Arjun,"Cricket, tech blogging",Moderate,"""Tech is my game, and I'm always ready to level up."""
Sandhurst,47,Female,New Zealander descent,Real Estate Agent,Helen,"Golf, interior decorating",Conservative,"""Matching people with homes, that's where my heart is. Plus, a good round of golf!"""
Caulfield North,52,Female,Jewish,Entrepreneur,Deborah,"Art collecting, gourmet cooking",Progressive,"""I find the greatest joy in the perfect balance of work, culture, and a pinch of saffron in my signature dishes."""
Blackburn North,39,Male,Chinese-Australian,Software Developer,Alex,"Cycling, technology",Centrist,"""Nothing beats a long bike ride to clear the mind. Except maybe a bug-free code."""
Upwey,63,Female,Anglo-Australian,Nurse,Helen,"Gardening, community volunteering",Moderately Conservative,"""Life's truest happiness is found in the friendships we make along the way, and in every bloom in my garden."""
Cobaw,58,Male,Anglo-Australian,Farmer,John,"Hunting, local football",Conservative,"""A good day starts with the sun on your back and ends with dirt under your nails. That's the farmer's way."""
Deer Park,28,Female,Vietnamese-Australian,Nurse,Linh,"Fashion, blogging",Progressive,"""Style is saying who you are without speaking. And a good cup of coffee speaks volumes too!"""
Dandenong,33,Male,Sri Lankan-Australian,Mechanic,Arjun,"Cricket, cooking",Moderately Progressive,"""Cricket is more than a game, it's a community celebration. And wait till you try my chicken curry!"""
Macleod,45,Female,Greek-Australian,Teacher,Maria,"Baking, community theatre",Centrist,"""Life is like baking; with the right ingredients and a bit of patience, you create something wonderful."""
Yannathan,65,Male,Anglo-Australian,Retired,Bruce,"Fishing, woodworking",Conservative,"""Retirement is when you finally get to spend time on the hobbies you've loved your whole life."""
Pearcedale,38,Female,Italian-Australian,Florist,Isabella,"Floral design, yoga",Progressive,"""Each flower tells a story, just like every person I meet in this lovely town."""
Princes Hill,29,Male,Lebanese-Australian,Architect,Samir,"Urban sketching, jazz music",Progressive,"""Architecture is frozen music, and I find my rhythm in both the lines I draw and the jazz I adore."""
Donnybrook,47,Female,Anglo-Australian,Small Business Owner,Emma,"Horse riding, book club",Moderately Conservative,"""There's nothing like the bond with a horse and a good book to end the day. That's my kind of adventure."""
Pheasant Creek,34,Female,Italian,Chef,Mia,"Cooking, Hiking",Progressive,"""Life's too short for bad pasta and dull parties. In my kitchen, every dish tells a story."""
Endeavour Hills,45,Male,Greek,Engineer,Alex,"Soccer, DIY",Moderate,"""A good day starts with coffee and ends with creation. My garage, my rules!"""
Heathmont,28,Female,Chinese,Graphic Designer,Zoe,"Photography, Gaming",Liberal,"""Capturing moments, designing dreams. Every pixel tells a story."""
Kalkallo,58,Male,Australian,Farmer,John,"Gardening, Cricket",Conservative,"""Early mornings, honest work, and the love for my land. That's the farmer's way."""
Bulla,38,Female,Irish,Veterinarian,Fiona,"Horse Riding, Reading",Independent,"""Every animal has a story, and I'm here to listen. Life is better with paws and hooves."""
Mickleham,35,Female,Italian-Australian,Real Estate Agent,Sofia,"Cooking, Gardening",Moderate,"""Ciao! In the world of real estate, it’s all about finding that perfect spot. Let me show you around, you'll love it here!"""
Yarra Glen,65,Male,Anglo-Australian,Winemaker,Dave,"Wine tasting, Cricket",Conservative,"""Life's too short for bad wine. I make sure every drop tells a story of Yarra Glen."""
Monomeith,45,Male,Indigenous Australian,Farmer,Jack,"Fishing, Community Work",Progressive,"""Farming’s not just a job, it’s my connection to the land. Respect it, and it respects you back."""
Ascot Vale,28,Female,Greek-Australian,Cafe Owner,Elena,"Baking, Running",Liberal,"""Whether it's a latte or life advice, I've got the perfect blend for you!"""
Merricks Beach,60,Female,British-Australian,Retired Teacher,Margaret,"Painting, Bird Watching",Independent,"""Retirement's my second act, and I'm painting it in my own colors."""
Hampton East,32,Male,Vietnamese-Australian,IT Professional,Minh,"Gaming, Technology Enthusiast",Centrist,"""In the world of tech, every day is a new adventure. Let's explore it together!"""
Woori Yallock,38,Female,Irish,Cafe Owner,Siobhan,"Gardening, Baking",Progressive,"""Baking is like love. It should be entered into with abandon or not at all."""
Clyde North,45,Male,Sri Lankan,IT Professional,Aravinda,"Cricket, Technology",Centrist,"""In tech, we trust. Also in cricket."""
Caldermeade,55,Female,Greek,Dairy Farmer,Eleni,"Animal Care, Cooking",Conservative,"""The best cheese is made with love and fresh milk."""
Beaconsfield Upper,47,Male,English,Landscape Gardener,Nigel,"Hiking, Photography",Moderate,"""A garden is a friend you can visit anytime."""
Maribyrnong,34,Female,Vietnamese,Graphic Designer,Linh,"Urban Sketching, Fashion",Liberal,"""Design is thinking made visual."""
Wonga Park,58,Male,Italian,Winemaker,Giuseppe,"Wine Tasting, History",Traditional,"""Life is too short for bad wine."""
Hoddles Creek,45,Female,Australian,Wildlife Ranger,Beth,"Bird Watching, Conservation",Environmentalist,"""Protecting nature is not a duty, it's a privilege."""
Chelsea,29,Male,Lebanese,Musician,Sami,"Songwriting, Surfing",Libertarian,"""Life's a wave; catch it."""
Moorooduc,63,Female,Chinese,Retired Teacher,Mei,"Painting, Tai Chi",Independent,"""In stillness, there is movement."""
Montmorency,36,Male,Australian,Plumber,Dave,"Fishing, AFL",Apolitical,"""A good day's work is its own reward."""
Pakenham South,27,Female,Indian,Nurse,Priya,"Yoga, Community Volunteering",Progressive,"""Caring is the essence of nursing."""
Mount Eliza,42,Female,British descent,Interior Designer,Emma,"Gardening, Art",Centrist,"""I find peace in every brushstroke and joy in every bloom. Life's too short for dull spaces."""
Warrandyte South,35,Male,Australian,Wildlife Officer,Jack,"Hiking, Photography",Environmentalist,"""In every creature, I see a story waiting to be told. Protecting these tales is my life's work."""
Scoresby,28,Female,Chinese descent,Software Engineer,Lily,"Technology, Badminton",Progressive,"""Code is poetry, and every line I write weaves a bit more of the future."""
Coimadai,47,Male,Italian descent,Farmer,Antonio,"Cooking, Local history",Conservative,"""For me, every seed is a legacy, and every harvest, a story of this land."""
Red Hill,53,Female,Greek descent,Winemaker,Maria,"Wine tasting, Painting",Moderate,"""Wine is my art, and each bottle tells a different tale of this earth."""
Essendon,44,Male,Lebanese descent,Cafe Owner,Sami,"Soccer, Coffee culture",Left-leaning,"""Every cup of coffee is a conversation, and every customer is a new friend."""
East Warburton,50,Female,Indigenous Australian,Artist,June,"Painting, Community activism",Progressive,"""Through my art, I speak the ancient whispers of the land and its people."""
Seville East,33,Male,Sri Lankan descent,IT Consultant,Arjun,"Cricket, Coding",Centrist,"""Whether it's on the pitch or in the code, a perfect balance is the key."""
Cherokee,68,Female,Irish descent,Retired Nurse,Eileen,"Bird watching, Knitting",Conservative,"""Each bird's song tells a story; you just need the heart to listen."""
Eaglemont,45,Male,Indian descent,Architect,Raj,"Jazz music, Architecture",Liberal,"""Design is like jazz - a blend of structure and improvisation."""
Carrum Downs,32,Female,Vietnamese descent,Pharmacist,Linh,"Gardening, Baking",Moderate,"""In every plant and every pill, there's a bit of science and a lot of care."""
